Workbook

Sheet Care Home List
A1: NAME OF CARE HOME | B1: Address | C1: Quality Band 22/23 | D1: Residential Care Fee | F1: Note: For interim beds (used where Pathway 1 service is unavailable) the standard fee for Residential Care according to the home's Band will be used.
A2: Acer Court Care Home | B2: 172 Nottingham Road | C2: 4 | D2: =VLOOKUP(C2,'Banding Fees'!A:B,2,FALSE) -> 636
A3: Adbolton Hall Nursing Home | B3: Adbolton Lane | C3: 3 | D3: =VLOOKUP(C3,'Banding Fees'!A:B,2,FALSE) -> 622
A4: Albemarle Court Care Home | B4: 738 Mansfield Road | C4: 4 | D4: =VLOOKUP(C4,'Banding Fees'!A:B,2,FALSE) -> 636
A5: Albemarle Hall Care Home | B5: 4 Albermarle Road | C5: 4 | D5: =VLOOKUP(C5,'Banding Fees'!A:B,2,FALSE) -> 636
A6: Alder House Care Home | B6: 172a Nottingham Rd | C6: 5 | D6: =VLOOKUP(C6,'Banding Fees'!A:B,2,FALSE) -> 655
A7: Aldercar Care Home | B7: 36 Wood Lane | C7: 4 | D7: =VLOOKUP(C7,'Banding Fees'!A:B,2,FALSE) -> 636
A8: Alexandra House Nursing Home | B8: Wroughton Court, 191 Nottingham Rd | C8: 1 | D8: =VLOOKUP(C8,'Banding Fees'!A:B,2,FALSE) -> 527
A9: Amber View | B9: 35 Wagstaff lane, Jacksdale | C9: 3 | D9: =VLOOKUP(C9,'Banding Fees'!A:B,2,FALSE) -> 622
A10: Annesley Lodge Care Home | B10: Annesley Road | C10: 3 | D10: =VLOOKUP(C10,'Banding Fees'!A:B,2,FALSE) -> 622
A11: Ashcroft Care Home | B11: Langton Road | C11: 5 | D11: =VLOOKUP(C11,'Banding Fees'!A:B,2,FALSE) -> 655
A12: Ashdale Care Home | B12: 42 The Park, Off Park Avenue | C12: 4 | D12: =VLOOKUP(C12,'Banding Fees'!A:B,2,FALSE) -> 636
A13: Ashfield Nursing Home | B13: Kirkby In Ashfield | C13: 4 | D13: =VLOOKUP(C13,'Banding Fees'!A:B,2,FALSE) -> 636
... A66: Five Gables Care Home | B66: 113 Victoria Road | C66: 4 | D66: =VLOOKUP(C66,'Banding Fees'!A:B,2,FALSE) -> 636
A67: Fosse Way View | C67: 5 | D67: =VLOOKUP(C67,'Banding Fees'!A:B,2,FALSE) -> 655
A68: Forest Hill Nursing Home | B68: Thievesdale Lane | C68: 1 | D68: =VLOOKUP(C68,'Banding Fees'!A:B,2,FALSE) -> 527
A69: Forest Manor Care Home | B69: Mansfield Road | C69: 5 | D69: =VLOOKUP(C69,'Banding Fees'!A:B,2,FALSE) -> 655
A70: Gateford Hill Care Home | B70: Gateford Hill | C70: 3 | D70: =VLOOKUP(C70,'Banding Fees'!A:B,2,FALSE) -> 622
A71: Gedling Village Care Home | B71: 73 Arnold Road Gedling | C71: 4 | D71: =VLOOKUP(C71,'Banding Fees'!A:B,2,FALSE) -> 636
A72: GHC (Formally Giltbrook) Care Home | B72: 472 Nottingham Road | C72: 2 | D72: =VLOOKUP(C72,'Banding Fees'!A:B,2,FALSE) -> 585
A73: Glenesk Care Home | B73: The Crescent, Queen Street | C73: 4 | D73: =VLOOKUP(C73,'Banding Fees'!A:B,2,FALSE) -> 636
A74: Grand Care Centre (The) | B74: Greythorne Drive | C74: 5 | D74: =VLOOKUP(C74,'Banding Fees'!A:B,2,FALSE) -> 655
A75: Greenacres Grange Care Home | B75: Greenacres Park, Wingfield Avenue | C75: 4 | D75: =VLOOKUP(C75,'Banding Fees'!A:B,2,FALSE) -> 636
A76: Harrier House | B76: Hurricane Road, Hucknall | C76: 4 | D76: =VLOOKUP(C76,'Banding Fees'!A:B,2,FALSE) -> 636
A77: Hatzfeld House Care Home | B77: 10b Mansfield Road | C77: 5 | D77: =VLOOKUP(C77,'Banding Fees'!A:B,2,FALSE) -> 655
A78: Hawthorne Care Home | B78: School Walk | C78: 2 | D78: =VLOOKUP(C78,'Banding Fees'!A:B,2,FALSE) -> 585
A79: Haywood Oaks Care Home | B79: Kirby Close | C79: 2 | D79: =VLOOKUP(C79,'Banding Fees'!A:B,2,FALSE) -> 585
... A157: Wren Hall Care Home | B157: 234 Nottingham Road | C157: 5 | D157: =VLOOKUP(C157,'Banding Fees'!A:B,2,FALSE) -> 655

Sheet Banding Fees
A1: Care Home Banding | B1: Residential Care | C1: Residential Care including DQM Payment | D1: Nursing Care | E1: Nursing Care including DQM Payment
A2: 1 | B2: 527 | C2: 542 | D2: 573 | E2: 585
A3: 2 | B3: 585 | C3: 646 | D3: 656 | E3: 707
A4: 3 | B4: 622 | C4: 679 | D4: 690 | E4: 744
A5: 4 | B5: 636 | C5: 692 | D5: 705 | E5: 758
A6: 5 | B6: 655 | C6: 713 | D6: 726 | E6: 776
